{
  "results": [
    {
      "command": "node dynamic-poolifier.mjs",
      "mean": 10.487737392089999,
      "stddev": 0.10415661328550525,
      "median": 10.49453947004,
      "user": 79.02639831999998,
      "system": 0.9904094500000001,
      "min": 10.33317103854,
      "max": 10.74601689554,
      "times": [
        10.342110958540001, 10.33317103854, 10.38399653854, 10.36665211354,
        10.50970850654, 10.44967735054, 10.49682251754, 10.49225642254,
        10.446298993540001, 10.69443231954, 10.41951785154, 10.74601689554,
        10.49088251054, 10.416579220540001, 10.504618262540001, 10.54884609454,
        10.55966790854, 10.498391421540001, 10.517179953540001,
        10.537920963540001
      ],
      "exit_codes": [0, 0, 0, 0, 0, 0, 0, 0, 0, 0, 0, 0, 0, 0, 0, 0, 0, 0, 0, 0]
    },
    {
      "command": "node fixed-poolifier.mjs",
      "mean": 10.61293811464,
      "stddev": 0.21166034109834664,
      "median": 10.56003847904,
      "user": 79.87857341999998,
      "system": 0.9746288999999999,
      "min": 10.45133015554,
      "max": 11.41620121254,
      "times": [
        10.57893522554, 10.60901600054, 10.53995742454, 10.57306529154,
        10.45133015554, 10.87899854654, 10.54808500054, 10.59862091654,
        10.55166131254, 11.41620121254, 10.58274166554, 10.56841564554,
        10.53885897154, 10.49933868754, 10.505490810540001, 10.49277488154,
        10.74507979454, 10.47539791154, 10.58265841054, 10.522134427540001
      ],
      "exit_codes": [0, 0, 0, 0, 0, 0, 0, 0, 0, 0, 0, 0, 0, 0, 0, 0, 0, 0, 0, 0]
    },
    {
      "command": "node dynamic-piscina.mjs",
      "mean": 13.393547764240003,
      "stddev": 0.09266031859300555,
      "median": 13.35263546854,
      "user": 82.70963917,
      "system": 0.9020208500000001,
      "min": 13.306454804540001,
      "max": 13.59023495354,
      "times": [
        13.34868670554, 13.51321847254, 13.309045579540001, 13.39074171454,
        13.34282166254, 13.34114474054, 13.47799490154, 13.356584231540001,
        13.53448021654, 13.31950792654, 13.33964705054, 13.59023495354,
        13.34429470754, 13.31568145454, 13.310455514540001, 13.581819557540001,
        13.38618821754, 13.38818080854, 13.306454804540001, 13.37377206454
      ],
      "exit_codes": [0, 0, 0, 0, 0, 0, 0, 0, 0, 0, 0, 0, 0, 0, 0, 0, 0, 0, 0, 0]
    },
    {
      "command": "node fixed-piscina.mjs",
      "mean": 13.385954395389998,
      "stddev": 0.09158017594575159,
      "median": 13.37550205254,
      "user": 82.68047816999999,
      "system": 0.9006738499999999,
      "min": 13.30798959354,
      "max": 13.74071295954,
      "times": [
        13.41036122154, 13.380657623540001, 13.387673534540001,
        13.392551046540001, 13.314922066540001, 13.74071295954, 13.37146300154,
        13.323959288540001, 13.34961178954, 13.35177004954, 13.40885911054,
        13.335784911540001, 13.379541103540001, 13.380386229540001,
        13.43146408554, 13.30798959354, 13.43496696354, 13.35944138454,
        13.340011027540001, 13.316960916540001
      ],
      "exit_codes": [0, 0, 0, 0, 0, 0, 0, 0, 0, 0, 0, 0, 0, 0, 0, 0, 0, 0, 0, 0]
    },
    {
      "command": "node dynamic-tinypool.mjs",
      "mean": 13.46443867909,
      "stddev": 0.07239176345340628,
      "median": 13.437602347040002,
      "user": 82.39976536999998,
      "system": 1.8869709499999998,
      "min": 13.39456132654,
      "max": 13.65989522454,
      "times": [
        13.43466983154, 13.417735243540001, 13.452295191540001, 13.49444289554,
        13.65771663654, 13.45139799654, 13.506386024540001, 13.39456132654,
        13.65989522454, 13.435094644540001, 13.42227297954, 13.41144125254,
        13.42706924754, 13.42759316854, 13.47187975354, 13.48868820554,
        13.44873601754, 13.42730149254, 13.41948639954, 13.440110049540001
      ],
      "exit_codes": [0, 0, 0, 0, 0, 0, 0, 0, 0, 0, 0, 0, 0, 0, 0, 0, 0, 0, 0, 0]
    },
    {
      "command": "node fixed-tinypool.mjs",
      "mean": 13.501110238639999,
      "stddev": 0.11903460995672499,
      "median": 13.45161167604,
      "user": 82.64432621999998,
      "system": 1.8788416999999995,
      "min": 13.39485979654,
      "max": 13.81822427054,
      "times": [
        13.64300836754, 13.42321877954, 13.69807522354, 13.54064955654,
        13.42503891154, 13.52954294154, 13.81822427054, 13.420189223540001,
        13.396450447540001, 13.501709270540001, 13.39485979654, 13.45805385054,
        13.40222146954, 13.43621080554, 13.46136343254, 13.43721650754,
        13.440491939540001, 13.45402065354, 13.44920269854, 13.69245662654
      ],
      "exit_codes": [0, 0, 0, 0, 0, 0, 0, 0, 0, 0, 0, 0, 0, 0, 0, 0, 0, 0, 0, 0]
    },
    {
      "command": "node dynamic-workerpool.mjs",
      "mean": 13.90997372434,
      "stddev": 0.10569252531103876,
      "median": 13.86915166154,
      "user": 85.03651336999998,
      "system": 1.2353295500000003,
      "min": 13.77457804954,
      "max": 14.11068802054,
      "times": [
        13.81689104554, 13.85441021454, 13.86597050454, 13.95951277254,
        13.897081891540001, 14.04473861754, 13.83876126154, 13.82023191054,
        13.77457804954, 13.90037644154, 13.87233281854, 13.842589397540001,
        13.89484852154, 14.015332971540001, 13.806823445540001, 14.11068802054,
        13.84489962054, 14.08245729154, 14.11009067754, 13.84685901254
      ],
      "exit_codes": [0, 0, 0, 0, 0, 0, 0, 0, 0, 0, 0, 0, 0, 0, 0, 0, 0, 0, 0, 0]
    },
    {
      "command": "node fixed-workerpool.mjs",
      "mean": 13.940486692590003,
      "stddev": 0.30856886259309063,
      "median": 13.86692407504,
      "user": 85.29854462,
      "system": 1.2330718999999999,
      "min": 13.809164687540001,
      "max": 15.24109548454,
      "times": [
        13.89090790154, 13.87485077654, 13.898824450540001, 13.84206981454,
        13.852734769540001, 13.86386239854, 13.838716851540001, 13.86797475554,
        13.91821427054, 13.83330228654, 13.896627027540001, 13.94896488054,
        13.82757770754, 13.809164687540001, 13.865873394540001, 13.96047493654,
        13.86024718954, 15.24109548454, 13.84325228954, 13.87499797854
      ],
      "exit_codes": [0, 0, 0, 0, 0, 0, 0, 0, 0, 0, 0, 0, 0, 0, 0, 0, 0, 0, 0, 0]
    },
    {
      "command": "node dynamic-worker-nodes.js",
      "mean": 13.387804157590002,
      "stddev": 0.09380492445901474,
      "median": 13.35787438154,
      "user": 83.40155066999999,
      "system": 0.8825495999999999,
      "min": 13.292622164540001,
      "max": 13.62177294054,
      "times": [
        13.31479328954, 13.39523726954, 13.36453399354, 13.37063857054,
        13.38197259354, 13.35121476954, 13.32930189754, 13.39437339554,
        13.32935481154, 13.53056286654, 13.35049941954, 13.33531847054,
        13.34329295254, 13.292622164540001, 13.614699593540001, 13.32711312654,
        13.37677356454, 13.62177294054, 13.31048206954, 13.42152539254
      ],
      "exit_codes": [0, 0, 0, 0, 0, 0, 0, 0, 0, 0, 0, 0, 0, 0, 0, 0, 0, 0, 0, 0]
    },
    {
      "command": "node fixed-worker-nodes.js",
      "mean": 13.427248271039996,
      "stddev": 0.1790087167522744,
      "median": 13.367166765540002,
      "user": 83.60324596999999,
      "system": 0.8862029999999999,
      "min": 13.28796875754,
      "max": 14.089841400540001,
      "times": [
        14.089841400540001, 13.368075496540001, 13.558061136540001,
        13.28796875754, 13.380089810540001, 13.41447325154, 13.37254854554,
        13.62323589654, 13.32627007254, 13.31587789354, 13.54020492854,
        13.36209052054, 13.34495436854, 13.344343762540001, 13.366258034540001,
        13.33942195754, 13.32923891654, 13.39420994154, 13.32908848454,
        13.458712244540001
      ],
      "exit_codes": [0, 0, 0, 0, 0, 0, 0, 0, 0, 0, 0, 0, 0, 0, 0, 0, 0, 0, 0, 0]
    },
    {
      "command": "node fixed-nanothreads.mjs",
      "mean": 11.871116576890001,
      "stddev": 0.0546948685219063,
      "median": 11.866731252040001,
      "user": 79.49674346999998,