{
  "results": [
    {
      "command": "node dynamic-poolifier.mjs",
      "mean": 10.749513236800002,
      "stddev": 0.2269125879454492,
      "median": 10.7058885839,
      "user": 78.29397634,
      "system": 0.8086593899999999,
      "min": 10.4295211794,
      "max": 11.3399538444,
      "times": [
        10.4295211794, 10.7388895124, 10.6428252814, 10.6183378844,
        11.2221363384, 10.4835771674, 10.6380374844, 10.6336986834,
        10.6488916094, 11.1010530194, 10.6584692024, 10.5817270564,
        10.6735348464, 10.7442470664, 11.3399538444, 10.7810248604,
        10.7382423214, 10.766441435399999, 10.7725201414, 10.7771358014
      ],
      "exit_codes": [0, 0, 0, 0, 0, 0, 0, 0, 0, 0, 0, 0, 0, 0, 0, 0, 0, 0, 0, 0]
    },
    {
      "command": "node fixed-poolifier.mjs",
      "mean": 10.8205406145,
      "stddev": 0.2538120740840968,
      "median": 10.7215253449,
      "user": 78.65030868999997,
      "system": 0.81751814,
      "min": 10.6021150704,
      "max": 11.4599522244,
      "times": [
        10.6021150704, 10.6112733874, 10.7460104184, 10.7215953314,
        10.6650178194, 10.7205822964, 10.8137128874, 10.6394764134,
        10.8089173704, 11.1451549274, 11.4599522244, 10.7002290374,
        10.7214553584, 10.7791087834, 10.6509844594, 10.6178532534,
        10.6869795854, 11.2947209524, 11.2611256144, 10.7645470994
      ],
      "exit_codes": [0, 0, 0, 0, 0, 0, 0, 0, 0, 0, 0, 0, 0, 0, 0, 0, 0, 0, 0, 0]
    },
    {
      "command": "node dynamic-piscina.mjs",
      "mean": 13.714083866000001,
      "stddev": 0.21426820688901815,
      "median": 13.6343973644,
      "user": 81.89797153999999,
      "system": 0.8151275400000001,
      "min": 13.5384696684,
      "max": 14.2955455584,
      "times": [
        13.5652160134, 13.7438658024, 14.2955455584, 13.5395140174,
        14.147035216399999, 13.6582863004, 13.5801715634, 13.8012047734,
        13.5717612944, 13.9580532714, 13.6105084284, 13.7469427784,
        13.5405038664, 13.5488056904, 13.5384696684, 13.5886109954,
        13.9109748504, 13.6936856084, 13.5419725294, 13.7005490934
      ],
      "exit_codes": [0, 0, 0, 0, 0, 0, 0, 0, 0, 0, 0, 0, 0, 0, 0, 0, 0, 0, 0, 0]
    },
    {
      "command": "node fixed-piscina.mjs",
      "mean": 13.705642118,
      "stddev": 0.22479301707537666,
      "median": 13.6320078019,
      "user": 81.72812529000001,
      "system": 0.83776724,
      "min": 13.5293385404,
      "max": 14.4833481994,
      "times": [
        13.6064674514, 13.6176096234, 13.6872318954, 13.6687976144,
        13.893645747399999, 13.6363115804, 13.8970837164, 13.6284909534,
        13.5523456464, 13.6355246504, 13.6583850024, 13.5754633384,
        13.5664397904, 14.4833481994, 14.0414385944, 13.5953800664,
        13.6655054664, 13.5293385404, 13.6030698584, 13.5709646244
      ],
      "exit_codes": [0, 0, 0, 0, 0, 0, 0, 0, 0, 0, 0, 0, 0, 0, 0, 0, 0, 0, 0, 0]
    },
    {
      "command": "node dynamic-tinypool.mjs",
      "mean": 14.063862419349999,
      "stddev": 0.3466923072829371,
      "median": 13.8987590079,
      "user": 82.60853954,
      "system": 1.76646559,
      "min": 13.7927403694,
      "max": 15.0127541744,
      "times": [
        13.8527710434, 13.9248577854, 13.7927403694, 13.8656029104,
        13.8440234474, 13.8848045724, 14.937498163399999, 13.8847279144,
        13.8537821664, 14.0217225314, 14.0636631594, 15.0127541744,
        14.3118001334, 13.8257043554, 13.8993266784, 14.3119778124,
        13.8689346564, 14.0469666154, 13.8981913374, 14.1753985604
      ],
      "exit_codes": [0, 0, 0, 0, 0, 0, 0, 0, 0, 0, 0, 0, 0, 0, 0, 0, 0, 0, 0, 0]
    },
    {
      "command": "node fixed-tinypool.mjs",
      "mean": 14.0924792396,
      "stddev": 0.19694842450451616,
      "median": 14.025440944900001,
      "user": 82.41529234,
      "system": 1.77679549,
      "min": 13.8330405274,
      "max": 14.6148205514,
      "times": [
        14.1847691814, 14.1081248154, 13.9672333244, 14.4115750454,
        13.9616868514, 14.1232450134, 13.9806271434, 13.9013489454,
        14.1379661524, 13.8330405274, 14.0090944684, 13.9966224674,
        14.3502953904, 14.0477144484, 13.9800711014, 14.6148205514,
        13.9073300924, 13.9706915634, 14.0417874214, 14.3215402874
      ],
      "exit_codes": [0, 0, 0, 0, 0, 0, 0, 0, 0, 0, 0, 0, 0, 0, 0, 0, 0, 0, 0, 0]
    },
    {
      "command": "node dynamic-workerpool.mjs",
      "mean": 14.383057528950001,
      "stddev": 0.2243606964977062,
      "median": 14.303906531900001,
      "user": 84.20318198999999,
      "system": 1.19759199,
      "min": 14.1636820164,
      "max": 14.8311265624,
      "times": [
        14.1984021294, 14.4456084694, 14.2137820844, 14.4368945424,
        14.3233792504, 14.2224207254, 14.1636820164, 14.8113943594,
        14.7871597824, 14.7453873544, 14.3324863594, 14.2129496044,
        14.3095048164, 14.3591643704, 14.2983082474, 14.2726060704,
        14.2835065694, 14.8311265624, 14.1787033204, 14.2346839444
      ],
      "exit_codes": [0, 0, 0, 0, 0, 0, 0, 0, 0, 0, 0, 0, 0, 0, 0, 0, 0, 0, 0, 0]
    },
    {
      "command": "node fixed-workerpool.mjs",
      "mean": 14.30607396625,
      "stddev": 0.23431703730609985,
      "median": 14.2055365159,
      "user": 83.98627029000001,
      "system": 1.1659057899999998,
      "min": 14.1178181214,
      "max": 14.8885198964,
      "times": [
        14.7341576054, 14.686388987399999, 14.1332157144, 14.1913367554,
        14.2173624384, 14.1366680624, 14.1603451414, 14.156799832399999,
        14.6336373424, 14.2663774734, 14.1419640204, 14.2238051844,
        14.4125687394, 14.1783079104, 14.1178181214, 14.8885198964,
        14.2859797864, 14.2202929584, 14.1937105934, 14.1422227614
      ],
      "exit_codes": [0, 0, 0, 0, 0, 0, 0, 0, 0, 0, 0, 0, 0, 0, 0, 0, 0, 0, 0, 0]
    },
    {
      "command": "node dynamic-worker-nodes.cjs",
      "mean": 13.624642276349999,
      "stddev": 0.2816928171826255,
      "median": 13.543213889899999,
      "user": 81.79104378999997,
      "system": 0.9224992399999999,
      "min": 13.4822515084,
      "max": 14.7092040694,
      "times": [
        13.6085576084, 13.5755282164, 13.5411447974, 13.5226183664,
        13.5001741554, 13.5912534264, 13.5770072624, 13.5437725484,
        14.7092040694, 13.5426552314, 13.5045487034, 13.5984410524,
        13.5665288044, 13.4937895444, 13.5020436724, 14.0482778134,
        13.4822515084, 13.5302435554, 13.5497485454, 13.5050566454
      ],
      "exit_codes": [0, 0, 0, 0, 0, 0, 0, 0, 0, 0, 0, 0, 0, 0, 0, 0, 0, 0, 0, 0]
    },
    {
      "command": "node fixed-worker-nodes.cjs",
      "mean": 13.667460643499998,
      "stddev": 0.24635013663813385,
      "median": 13.5608743329,
      "user": 81.80146019000001,
      "system": 0.9462152399999999,
      "min": 13.4729682334,
      "max": 14.3062887334,
      "times": [
        13.5291797644, 14.2015234894, 13.6427113474, 13.5271306014,
        13.5661098534, 13.8728022104, 13.5155854934, 13.5627178624,
        13.5409783324, 13.4986168034, 13.4845648354, 13.5509640404,
        13.4729682334, 13.5590308034, 13.7067414864, 14.3062887334,
        13.5685717404, 14.0634481324, 13.6686997714, 13.5105793354
      ],
      "exit_codes": [0, 0, 0, 0, 0, 0, 0, 0, 0, 0, 0, 0, 0, 0, 0, 0, 0, 0, 0, 0]
    },
    {
      "command": "node dynamic-concurrent.js.mjs",
      "mean": 11.08014449245,
      "stddev": 0.3343828173838838,
      "median": 10.9183974084,
      "user": 79.87245689,
      "system": 0.7632488400000002,
      "min": 10.7480645784,
      "max": 11.7990214204,
      "times": [
        11.551782232399999, 10.9391877854, 10.9971615294, 10.8260350314,
        10.8691951644, 11.1189799724, 10.8976070314, 11.5349905274,
        10.9739345084, 10.8190925264, 11.5452738824, 10.8061224214,
        10.8494822554, 11.7990214204, 10.8848851234, 11.6547574894,
        10.8234805204, 10.7480645784, 10.8823283434, 11.0815075054
      ],