{
  "results": [
    {
      "command": "node dynamic-poolifier.mjs",
      "mean": 11.102729728359998,
      "stddev": 0.3265241553249094,
      "median": 11.001235544259998,
      "user": 79.67594332,
      "system": 1.0908090499999998,
      "min": 10.78454294876,
      "max": 12.00507756176,
      "times": [
        10.78454294876, 10.94641533476, 10.89385726976, 11.11066705076,
        10.89334450576, 11.03573519676, 11.02493430576, 11.03650896376,
        10.87220817276, 10.955111884759999, 10.95833130076, 10.96082843076,
        10.99934892176, 11.33101861076, 12.00507756176, 11.07960635576,
        11.98415081876, 11.181992251759999, 11.003122166759999, 10.99779251476
      ],
      "exit_codes": [0, 0, 0, 0, 0, 0, 0, 0, 0, 0, 0, 0, 0, 0, 0, 0, 0, 0, 0, 0]
    },
    {
      "command": "node fixed-poolifier.mjs",
      "mean": 11.133978736560001,
      "stddev": 0.25074436617004164,
      "median": 11.03285178476,
      "user": 80.37222591999998,
      "system": 1.0556751999999998,
      "min": 10.91939474976,
      "max": 11.81349878376,
      "times": [
        10.97864607476, 11.00148644576, 11.02447037476, 10.98195952876,
        10.91939474976, 11.81349878376, 10.96891118576, 10.94716048176,
        10.982641617759999, 11.769667073759999, 11.36081563976, 11.05451813676,
        10.998689066759999, 11.19078208676, 11.02772127976, 11.25472507976,
        11.17971288276, 11.03798228976, 11.11666460276, 11.07012734976
      ],
      "exit_codes": [0, 0, 0, 0, 0, 0, 0, 0, 0, 0, 0, 0, 0, 0, 0, 0, 0, 0, 0, 0]
    },
    {
      "command": "node dynamic-piscina.mjs",
      "mean": 14.01705222681,
      "stddev": 0.1240876839713712,
      "median": 13.99731085126,
      "user": 83.03285596999999,
      "system": 1.0415754,
      "min": 13.80953145976,
      "max": 14.22241561476,
      "times": [
        13.91430295276, 13.80953145976, 13.89268521476, 13.94498218476,
        14.15917317876, 14.22241561476, 14.14348475976, 14.148911414759999,
        13.98482038876, 13.87804733576, 14.009801313759999, 13.92618787776,
        14.08696475376, 14.023451655759999, 14.15753125376, 13.91218203976,
        13.98269694876, 13.86251673276, 14.10483352076, 14.17652393476
      ],
      "exit_codes": [0, 0, 0, 0, 0, 0, 0, 0, 0, 0, 0, 0, 0, 0, 0, 0, 0, 0, 0, 0]
    },
    {
      "command": "node fixed-piscina.mjs",
      "mean": 14.20553724646,
      "stddev": 0.3882666117975845,
      "median": 14.07333395876,
      "user": 83.40028981999998,
      "system": 1.0848459499999998,
      "min": 13.92431907376,
      "max": 15.44037180776,
      "times": [
        13.93196318776, 15.44037180776, 14.00540170276, 13.976398785759999,
        13.926849622759999, 14.13731037876, 14.17672449076, 14.093729076759999,
        14.01632340876, 14.37638522676, 13.96147475776, 14.04020403676,
        14.388798981759999, 14.34381680376, 14.05293884076, 14.10105642376,
        15.050555898759999, 14.168077305759999, 13.99804511776, 13.92431907376
      ],
      "exit_codes": [0, 0, 0, 0, 0, 0, 0, 0, 0, 0, 0, 0, 0, 0, 0, 0, 0, 0, 0, 0]
    },
    {
      "command": "node dynamic-tinypool.mjs",
      "mean": 14.27516272571,
      "stddev": 0.17915180838226355,
      "median": 14.26763054026,
      "user": 83.35043962,
      "system": 2.1270089,
      "min": 14.04772561976,
      "max": 14.631428227759999,
      "times": [
        14.339499717759999, 14.38279924976, 14.31974669976, 14.42461766876,
        14.58746858176, 14.631428227759999, 14.42355929176, 14.15463761476,
        14.21551438076, 14.082277766759999, 14.14916561576, 14.127325599759999,
        14.11152291676, 14.11285852276, 14.33760533476, 14.06745545476,
        14.13197121376, 14.50262390176, 14.35345113476, 14.04772561976
      ],
      "exit_codes": [0, 0, 0, 0, 0, 0, 0, 0, 0, 0, 0, 0, 0, 0, 0, 0, 0, 0, 0, 0]
    },
    {
      "command": "node fixed-tinypool.mjs",
      "mean": 14.194398993459998,
      "stddev": 0.22942716430349624,
      "median": 14.127192445759999,
      "user": 83.12692407,
      "system": 2.1311291,
      "min": 14.04220749476,
      "max": 14.847722684759999,
      "times": [
        14.15341851476, 14.14289554876, 14.29017777076, 14.129038613759999,
        14.19057553176, 14.10022071876, 14.141397034759999, 14.04220749476,
        14.12534627776, 14.21304197776, 14.13106792576, 14.04385641376,
        14.061936508759999, 14.847722684759999, 14.10429627776, 14.07125368476,
        14.10638558376, 14.069850409759999, 14.08620219776, 14.837088698759999
      ],
      "exit_codes": [0, 0, 0, 0, 0, 0, 0, 0, 0, 0, 0, 0, 0, 0, 0, 0, 0, 0, 0, 0]
    },
    {
      "command": "node dynamic-workerpool.mjs",
      "mean": 14.661647399059998,
      "stddev": 0.21055645956064334,
      "median": 14.59361347826,
      "user": 85.85695471999998,
      "system": 1.4023784999999998,
      "min": 14.45883447576,
      "max": 15.30734779376,
      "times": [
        14.93156127876, 14.47865798776, 14.789204910759999, 14.78276526176,
        14.47245491376, 15.30734779376, 14.58080248976, 14.69842779376,
        14.55352481376, 14.45883447576, 14.62443808376, 14.60642446676,
        14.53092107076, 14.48783466276, 14.55161806076, 14.83785507776,
        14.47804313376, 14.83924139676, 14.72652054976, 14.49646975876
      ],
      "exit_codes": [0, 0, 0, 0, 0, 0, 0, 0, 0, 0, 0, 0, 0, 0, 0, 0, 0, 0, 0, 0]
    },
    {
      "command": "node fixed-workerpool.mjs",
      "mean": 14.73194649766,
      "stddev": 0.18916439251907757,
      "median": 14.76617613426,
      "user": 86.11621561999999,
      "system": 1.4277221,
      "min": 14.50883708976,
      "max": 15.26207326076,
      "times": [
        14.77716499876, 14.80631332276, 14.53316040676, 14.77270110476,
        14.564629052759999, 14.50883708976, 14.51896790876, 14.77609358376,
        14.77665493076, 15.06629548376, 14.88129069076, 14.57666395676,
        14.68777118776, 15.26207326076, 14.59307713676, 14.61279425776,
        14.76785134676, 14.58548394976, 14.806605361759999, 14.76450092176
      ],
      "exit_codes": [0, 0, 0, 0, 0, 0, 0, 0, 0, 0, 0, 0, 0, 0, 0, 0, 0, 0, 0, 0]
    },
    {
      "command": "node dynamic-worker-nodes.cjs",
      "mean": 14.085293985459998,
      "stddev": 0.42614075297641263,
      "median": 13.99778866726,
      "user": 84.13952712000001,
      "system": 1.0632201000000001,
      "min": 13.90229222276,
      "max": 15.88426126376,
      "times": [
        13.91643107576, 14.00996870476, 13.92970091676, 13.97761846976,
        13.97838390976, 15.88426126376, 14.02383364676, 14.01172130276,
        14.05416880376, 13.90229222276, 13.95112676576, 14.014692563759999,
        14.06085096176, 14.019045712759999, 14.06070531876, 14.05256802676,
        13.97440724676, 13.95522497476, 13.98560862976, 13.943269191759999
      ],
      "exit_codes": [0, 0, 0, 0, 0, 0, 0, 0, 0, 0, 0, 0, 0, 0, 0, 0, 0, 0, 0, 0]
    },
    {
      "command": "node fixed-worker-nodes.cjs",
      "mean": 14.027305384859996,
      "stddev": 0.10548567639331838,
      "median": 14.01035737426,
      "user": 83.74101957,
      "system": 1.0835206999999998,
      "min": 13.92201981076,
      "max": 14.367230361759999,
      "times": [
        13.93462343276, 14.07995547076, 13.92900982076, 14.12433993376,
        14.02262389376, 14.01668699376, 13.94496968876, 14.04043019776,
        14.00165481276, 13.98120061076, 14.036484138759999, 14.00402775476,
        13.92480543576, 14.18497218276, 14.367230361759999, 14.02912990676,
        14.06560843376, 13.97114109576, 13.96519372076, 13.92201981076
      ],
      "exit_codes": [0, 0, 0, 0, 0, 0, 0, 0, 0, 0, 0, 0, 0, 0, 0, 0, 0, 0, 0, 0]
    },
    {
      "command": "node fixed-nanothreads.mjs",
      "mean": 12.498796421060002,
      "stddev": 0.15183935053014772,
      "median": 12.45169683776,
      "user": 80.02235057,
      "system": 1.0116582,
      "min": 12.39713679376,
      "max": 13.08326359876,