{
  "results": [
    {
      "command": "node dynamic-poolifier.mjs",
      "mean": 11.302206426289999,
      "stddev": 0.17903954545307943,
      "median": 11.26493910344,
      "user": 81.14282088000002,
      "system": 1.24737543,
      "min": 11.09199386194,
      "max": 11.95363855494,
      "times": [
        11.09199386194, 11.28064668194, 11.19409920194, 11.25263871194,
        11.27404781394, 11.21457502394, 11.20937533294, 11.18199671394,
        11.95363855494, 11.23818153494, 11.27054564594, 11.51619692294,
        11.29616889194, 11.26974337294, 11.25529073794, 11.26304985794,
        11.26682834894, 11.23195481294, 11.30084215194, 11.48231434994
      ],
      "exit_codes": [0, 0, 0, 0, 0, 0, 0, 0, 0, 0, 0, 0, 0, 0, 0, 0, 0, 0, 0, 0]
    },
    {
      "command": "node fixed-poolifier.mjs",
      "mean": 11.43693407609,
      "stddev": 0.22419344950080514,
      "median": 11.40192675994,
      "user": 81.61757152999999,
      "system": 1.25104928,
      "min": 11.19448385494,
      "max": 12.21219612194,
      "times": [
        11.21628511694, 11.28270686494, 11.38203891194, 12.21219612194,
        11.51036755394, 11.42181460794, 11.22015281294, 11.30600754694,
        11.53908199694, 11.32706069794, 11.48677218794, 11.30061610694,
        11.19448385494, 11.47477757094, 11.57470731994, 11.47890970394,
        11.57044706494, 11.34559195294, 11.27732893394, 11.61733459294
      ],
      "exit_codes": [0, 0, 0, 0, 0, 0, 0, 0, 0, 0, 0, 0, 0, 0, 0, 0, 0, 0, 0, 0]
    },
    {
      "command": "node dynamic-piscina.mjs",
      "mean": 13.358523438590002,
      "stddev": 0.15787795662970672,
      "median": 13.34841254944,
      "user": 84.03560048,
      "system": 1.1221800799999997,
      "min": 13.13386176494,
      "max": 13.654412476940001,
      "times": [
        13.495115395940001, 13.13386176494, 13.33655733994, 13.37325333194,
        13.65328635094, 13.20527666794, 13.28408471394, 13.19300375994,
        13.416141272940001, 13.24447967794, 13.176462431940001, 13.36799695694,
        13.360267758940001, 13.20203127694, 13.572773830940001,
        13.654412476940001, 13.45142111794, 13.22753179094, 13.30736141994,
        13.51514943394
      ],
      "exit_codes": [0, 0, 0, 0, 0, 0, 0, 0, 0, 0, 0, 0, 0, 0, 0, 0, 0, 0, 0, 0]
    },
    {
      "command": "node fixed-piscina.mjs",
      "mean": 13.42388857714,
      "stddev": 0.23766523641396825,
      "median": 13.44371145944,
      "user": 84.02528568,
      "system": 1.1261251799999998,
      "min": 12.93688242494,
      "max": 13.93504968894,
      "times": [
        13.39363882194, 12.93688242494, 13.24073589494, 13.58207704294,
        13.26998113994, 13.61143096094, 13.12400393194, 13.46812939994,
        13.93504968894, 13.40303792794, 13.43723852894, 13.684736128940001,
        13.33233205294, 13.71055110994, 13.50341794594, 13.07195164294,
        13.45018438994, 13.511035680940001, 13.58757448194, 13.22378234594
      ],
      "exit_codes": [0, 0, 0, 0, 0, 0, 0, 0, 0, 0, 0, 0, 0, 0, 0, 0, 0, 0, 0, 0]
    },
    {
      "command": "node dynamic-tinypool.mjs",
      "mean": 13.593581479590004,
      "stddev": 0.26880187571638814,
      "median": 13.58515845994,
      "user": 83.81817003,
      "system": 2.2753227799999998,
      "min": 13.05997479694,
      "max": 14.33897881894,
      "times": [
        13.148816612940001, 14.33897881894, 13.626959449940001, 13.54966173394,
        13.50054066094, 13.56539349194, 13.64696779494, 13.418841005940001,
        13.72627450194, 13.05997479694, 13.52940566494, 13.50358066594,
        13.53283037794, 13.60492342794, 13.63107657894, 13.663334583940001,
        13.49590936894, 14.08046776994, 13.60901220194, 13.63868008294
      ],
      "exit_codes": [0, 0, 0, 0, 0, 0, 0, 0, 0, 0, 0, 0, 0, 0, 0, 0, 0, 0, 0, 0]
    },
    {
      "command": "node fixed-tinypool.mjs",
      "mean": 13.60023966604,
      "stddev": 0.19734183200323396,
      "median": 13.59146839794,
      "user": 83.81701293000002,
      "system": 2.28403568,
      "min": 13.20838636194,
      "max": 13.98431535594,
      "times": [
        13.82849879094, 13.640741717940001, 13.64742596894, 13.37614326794,
        13.43639333594, 13.47977828794, 13.55815610394, 13.46929305194,
        13.87228676294, 13.98431535594, 13.86314739894, 13.69095630194,
        13.41631271594, 13.58894602694, 13.47441774094, 13.59399076894,
        13.61003816094, 13.20838636194, 13.81853170094, 13.44703349894
      ],
      "exit_codes": [0, 0, 0, 0, 0, 0, 0, 0, 0, 0, 0, 0, 0, 0, 0, 0, 0, 0, 0, 0]
    },
    {
      "command": "node dynamic-workerpool.mjs",
      "mean": 14.755115824140002,
      "stddev": 0.24234053177407447,
      "median": 14.72574068544,
      "user": 89.61524183000003,
      "system": 1.56090423,
      "min": 14.26994021794,
      "max": 15.334275355940001,
      "times": [
        14.56494672994, 14.92657121094, 14.77178516694, 15.334275355940001,
        14.47933067594, 14.61513366894, 14.98668756794, 14.66254910594,
        14.574645543940001, 14.97016490294, 14.57604265194, 14.71319246094,
        14.26994021794, 14.67392704094, 14.797632527940001, 15.01451397494,
        14.54258451394, 14.85726946894, 15.03283478594, 14.73828890994
      ],
      "exit_codes": [0, 0, 0, 0, 0, 0, 0, 0, 0, 0, 0, 0, 0, 0, 0, 0, 0, 0, 0, 0]
    },
    {
      "command": "node fixed-workerpool.mjs",
      "mean": 14.715193018240004,
      "stddev": 0.2127568177334479,
      "median": 14.758607132440002,
      "user": 89.62154688,
      "system": 1.5848478799999999,
      "min": 14.31013750294,
      "max": 15.029903515940001,
      "times": [
        14.98031941594, 14.39337216094, 14.63029851794, 14.79478278694,
        14.48919443294, 14.73138204994, 14.886175682940001, 14.83610629294,
        14.765601609940001, 14.31013750294, 15.00386124994, 14.88503448694,
        14.806081474940001, 14.51871413594, 14.89262940794, 14.60121144794,
        14.417379415940001, 14.580062120940001, 14.75161265494,
        15.029903515940001
      ],
      "exit_codes": [0, 0, 0, 0, 0, 0, 0, 0, 0, 0, 0, 0, 0, 0, 0, 0, 0, 0, 0, 0]
    },
    {
      "command": "node dynamic-worker-nodes.js",
      "mean": 13.489488321589999,
      "stddev": 0.2445039422895386,
      "median": 13.43951472444,
      "user": 84.73629773,
      "system": 1.1253186300000002,
      "min": 13.23823255594,
      "max": 14.13880710594,
      "times": [
        13.45358799894, 13.51153837194, 13.29816665894, 14.13880710594,
        13.65831345694, 13.41323900894, 13.29120189094, 13.28060638494,
        13.320705052940001, 13.425441449940001, 13.78387446094, 13.50672848694,
        13.23823255594, 13.26254681794, 13.29865534094, 13.60488781294,
        13.49823953194, 13.34185201094, 13.47118197594, 13.99196005694
      ],
      "exit_codes": [0, 0, 0, 0, 0, 0, 0, 0, 0, 0, 0, 0, 0, 0, 0, 0, 0, 0, 0, 0]
    },
    {
      "command": "node fixed-worker-nodes.js",
      "mean": 13.475599854090001,
      "stddev": 0.2130161978025242,
      "median": 13.47042395694,
      "user": 84.66423462999998,
      "system": 1.11533863,
      "min": 13.06999930594,
      "max": 13.958751576940001,
      "times": [
        13.51541795794, 13.36217763794, 13.25244624394, 13.55649891694,
        13.52216657194, 13.54479687794, 13.06999930594, 13.36649851394,
        13.35879374594, 13.65487641994, 13.35271597094, 13.23506990894,
        13.958751576940001, 13.928431744940001, 13.50173091494, 13.64325799094,
        13.350844802940001, 13.46306491094, 13.396674064940001, 13.47778300294
      ],
      "exit_codes": [0, 0, 0, 0, 0, 0, 0, 0, 0, 0, 0, 0, 0, 0, 0, 0, 0, 0, 0, 0]
    },
    {
      "command": "node dynamic-node-worker-threads-pool.mjs",
      "mean": 20.492278146389996,
      "stddev": 0.35597706138402835,
      "median": 20.436395536439996,
      "user": 130.15976662999998,
      "system": 3.0631351299999996,
      "min": 19.977350707939998,
      "max": 21.45439036094,